asset,period,nmse_misa,nmse_lstm,nmse_gru,dm_stat_vs_lstm,dm_pval_vs_lstm,dm_stat_vs_gru,dm_pval_vs_gru,win_vs_lstm,win_vs_gru,rel_nmse_diff_vs_lstm,rel_nmse_diff_vs_gru
1INCH,P1,0.156412,0.153455,0.154985,-0.9881,0.3233,-0.8458,0.3978,0,0,-0.019268,-0.009207
1INCH,P2,0.686774,0.650313,0.653922,-4.0244,0.0001,-3.1215,0.0018,0,0,-0.056065,-0.050238
1INCH,P3,0.23147,0.2262,0.229874,-1.5974,0.1103,-1.1131,0.2658,0,0,-0.023297,-0.006943
AAVE,P1,0.051553,0.052997,0.053855,2.3866,0.0171,2.0732,0.0383,1,1,0.027251,0.042753
AAVE,P2,0.243176,0.241394,0.238121,1.451,0.147,-0.0412,0.9671,0,0,-0.007383,-0.021232
AAVE,P3,0.145429,0.146481,0.144699,-0.5018,0.6159,0.6608,0.5088,1,0,0.007182,-0.005042
ADA,P1,0.072103,0.072903,0.07456,1.1571,0.2474,1.6126,0.107,1,1,0.010976,0.032958
ADA,P2,0.373322,0.375752,0.373788,2.2666,0.0235,0.9032,0.3666,1,1,0.006469,0.001248
ADA,P3,0.137037,0.142109,0.14493,2.1596,0.0309,1.7494,0.0804,1,1,0.035689,0.054461
ALGO,P1,0.024643,0.024349,0.024732,-0.6824,0.4951,-0.5742,0.5659,0,1,-0.012094,0.003593
ALGO,P2,0.369581,0.36869,0.370835,-0.5394,0.5897,-1.3849,0.1663,0,1,-0.002417,0.003381
ALGO,P3,0.19712,0.201723,0.204379,2.4952,0.0127,2.2848,0.0224,1,1,0.022819,0.03552
ANKR,P1,0.04996,0.051202,0.053155,2.9825,0.0029,3.7176,0.0002,1,1,0.024248,0.060101
ANKR,P2,0.429122,0.428669,0.4324,0.4241,0.6716,1.4159,0.157,0,1,-0.001058,0.00758
ANKR,P3,0.554158,0.551403,0.555559,-0.7291,0.4661,0.3007,0.7637,0,1,-0.004996,0.002522
APE,P1,0.180518,0.182566,0.182855,2.3234,0.0203,1.7002,0.0893,1,1,0.011215,0.01278
APE,P2,0.371683,0.371891,0.372856,1.3015,0.1933,1.6894,0.0913,1,1,0.000561,0.003146
APE,P3,0.12266,0.124342,0.126732,4.0438,0.0001,2.1965,0.0282,1,1,0.013528,0.032132
APT,P1,0.054307,0.055051,0.054784,0.9007,0.3679,1.098,0.2724,1,1,0.013523,0.008722
APT,P2,0.296952,0.301483,0.300717,1.0673,0.286,0.7493,0.4538,1,1,0.015029,0.012519
APT,P3,0.206148,0.206788,0.207131,-0.1927,0.8472,0.5053,0.6134,1,1,0.003095,0.004748
ARB,P2,0.539612,0.541891,0.542836,1.7186,0.0859,1.8645,0.0624,1,1,0.004205,0.005939
ARB,P3,0.079941,0.078661,0.078104,2.1038,0.0355,1.1135,0.2656,0,0,-0.01628,-0.023522
ATOM,P1,0.044916,0.043592,0.044341,1.1791,0.2385,1.0363,0.3002,0,0,-0.030374,-0.012963
ATOM,P2,0.360582,0.356033,0.356361,-2.3655,0.0181,-1.2295,0.219,0,0,-0.012776,-0.011844
ATOM,P3,0.262458,0.262585,0.262713,0.5322,0.5946,-0.2075,0.8356,1,1,0.000484,0.000972
AVAX,P1,0.054578,0.055397,0.056443,0.4171,0.6766,2.037,0.0418,1,1,0.01479,0.033036
AVAX,P2,0.43062,0.440939,0.441505,1.3497,0.1773,1.0421,0.2975,1,1,0.023402,0.024653
AVAX,P3,0.077542,0.079468,0.080819,1.9886,0.0469,2.3796,0.0174,1,1,0.024226,0.040542
AXS,P1,0.039799,0.039721,0.041011,-1.2071,0.2276,0.9143,0.3607,0,1,-0.001953,0.029567
AXS,P2,0.468487,0.478272,0.474518,-0.464,0.6427,-0.1367,0.8913,1,1,0.020458,0.012709
AXS,P3,0.207016,0.206768,0.207569,-0.3448,0.7303,0.132,0.895,0,1,-0.001203,0.002665
BAL,P1,0.126197,0.12317,0.132819,-1.8106,0.0704,1.6652,0.0961,0,1,-0.024581,0.049857
BAL,P2,0.828709,0.819747,0.849106,0.3223,0.7472,1.5956,0.1108,0,1,-0.010932,0.024022
BAL,P3,0.207774,0.201722,0.204707,-1.6751,0.0941,1.7248,0.0847,0,0,-0.030001,-0.014984
BAT,P1,0.045775,0.045512,0.04627,0.6489,0.5165,1.0468,0.2953,0,1,-0.00578,0.010699
BAT,P2,0.426952,0.426877,0.424431,0.2545,0.7991,-0.6425,0.5206,0,0,-0.000177,-0.00594
BAT,P3,0.206728,0.207982,0.21242,2.4017,0.0164,0.8164,0.4144,1,1,0.00603,0.026797
BCH,P1,0.140651,0.141544,0.142248,0.8459,0.3977,-0.8626,0.3885,1,1,0.006309,0.011233
BCH,P2,0.231572,0.235064,0.232187,2.6986,0.007,-0.4252,0.6707,1,1,0.014858,0.002652
BCH,P3,0.156993,0.156431,0.155606,-0.7068,0.4798,-0.4395,0.6603,0,0,-0.003592,-0.008913
BTC,P1,0.047104,0.047434,0.047045,-1.8283,0.0677,0.503,0.615,1,0,0.006952,-0.001242
BTC,P2,0.080175,0.089465,0.092264,8.106,0.0,7.0816,0.0,1,1,0.103846,0.131029
BTC,P3,0.285563,0.283026,0.291558,3.9926,0.0001,2.4809,0.0132,0,1,-0.008963,0.020563
CHZ,P1,0.043011,0.043854,0.045406,1.4583,0.1449,1.5394,0.1239,1,1,0.019222,0.052756
CHZ,P2,0.481312,0.489507,0.487348,0.5049,0.6137,-0.2377,0.8121,1,1,0.016741,0.012386
CHZ,P3,0.253182,0.254933,0.260269,2.2905,0.0221,2.762,0.0058,1,1,0.006866,0.027228
COMP,P1,0.068947,0.070455,0.07037,1.5754,0.1154,0.8105,0.4178,1,1,0.021414,0.020226
COMP,P2,0.556333,0.554946,0.561079,0.0805,0.9359,1.306,0.1917,0,1,-0.002499,0.008459
COMP,P3,0.152592,0.151064,0.150961,-0.1975,0.8435,-0.7797,0.4357,0,0,-0.010113,-0.010802
CRV,P1,0.058812,0.060215,0.05983,2.2164,0.0268,-2.9447,0.0033,1,1,0.023297,0.017011
CRV,P2,0.307353,0.303278,0.305097,-1.7275,0.0842,-0.5502,0.5823,0,0,-0.013439,-0.007395
CRV,P3,0.138424,0.140844,0.140015,1.5171,0.1294,1.2278,0.2197,1,1,0.01718,0.011363
DOGE,P1,0.131367,0.132,0.132733,-0.235,0.815,1.478,0.148,1,1,0.004798,0.010296
DOGE,P2,0.423267,0.437633,0.440067,2.152,0.035,1.611,0.116,1,1,0.032828,0.038176
DOGE,P3,0.284733,0.2846,0.2895,0.297,0.768,0.395,0.695,0,1,-0.000468,0.016465
DOT,P1,0.076263,0.076447,0.077833,0.2232,0.8234,1.5602,0.1189,1,1,0.002406,0.020168
DOT,P2,0.372979,0.378582,0.37347,3.796,0.0002,1.2818,0.2001,1,1,0.014799,0.001315
DOT,P3,0.136747,0.136169,0.134688,-0.4072,0.6839,-0.7621,0.4461,0,0,-0.004248,-0.015291
ENJ,P1,0.042043,0.040344,0.040431,-4.7147,0.0,-2.8578,0.0043,0,0,-0.042136,-0.039893
ENJ,P2,0.89518,0.873184,0.883347,-0.5445,0.5862,-0.3273,0.7435,0,0,-0.02519,-0.013395
ENJ,P3,0.083744,0.083008,0.084019,-1.0916,0.2752,-2.1635,0.0306,0,1,-0.008865,0.003274
EOS,P1,0.09557,0.096356,0.098967,0.4639,0.6428,1.4381,0.1506,1,1,0.008148,0.034318
EOS,P2,0.635194,0.623929,0.631772,-0.7449,0.4564,-0.9674,0.3335,0,0,-0.018055,-0.005416
EOS,P3,0.127827,0.12978,0.131784,1.4459,0.1484,2.3262,0.0201,1,1,0.015055,0.030029
ETH,P1,0.065744,0.066511,0.067417,1.2208,0.2223,1.3404,0.1803,1,1,0.011534,0.024816
ETH,P2,0.237053,0.245318,0.241404,2.879,0.004,5.0302,0.0,1,1,0.033691,0.018023
ETH,P3,0.144873,0.148141,0.146082,4.0849,0.0,2.8031,0.0051,1,1,0.022056,0.008272
GRT,P1,0.054809,0.05412,0.053667,0.5591,0.5762,-1.4648,0.1432,0,0,-0.012715,-0.021269
GRT,P2,0.364736,0.359222,0.357989,-2.0129,0.0443,-2.5897,0.0097,0,0,-0.01535,-0.018847
GRT,P3,0.135501,0.135804,0.138809,0.5395,0.5896,0.6288,0.5295,1,1,0.002228,0.02383
HBAR,P1,0.077328,0.077583,0.078675,-0.8274,0.4081,0.4922,0.6226,1,1,0.003287,0.01712
HBAR,P2,0.56631,0.574908,0.58339,2.3671,0.018,1.5462,0.1222,1,1,0.014956,0.029278
HBAR,P3,0.304462,0.311543,0.321155,1.5705,0.1165,2.0163,0.0439,1,1,0.022728,0.051977
ICP,P1,0.068976,0.069172,0.070143,-0.5628,0.5736,0.1515,0.8796,1,1,0.002845,0.016647
ICP,P2,0.316071,0.316012,0.318882,0.4154,0.6779,1.1044,0.2696,0,1,-0.000189,0.008814
ICP,P3,0.346237,0.348281,0.349627,0.666,0.5055,0.6848,0.4936,1,1,0.005869,0.009696
LINK,P1,0.12259,0.125066,0.126582,2.1412,0.0324,1.8281,0.0677,1,1,0.019799,0.031536
LINK,P2,0.304155,0.305712,0.30736,2.4545,0.0142,-0.6561,0.5118,1,1,0.005093,0.010428
LINK,P3,0.196101,0.195124,0.195332,-0.7592,0.4478,0.2498,0.8028,0,0,-0.005006,-0.003935
LRC,P1,0.032502,0.032679,0.032453,-0.1043,0.9169,-0.1213,0.9035,1,0,0.005418,-0.001514
LRC,P2,0.374053,0.373145,0.37173,-1.4721,0.1412,-0.7396,0.4596,0,0,-0.002433,-0.006249
LRC,P3,0.070848,0.071887,0.071881,0.0625,0.9502,0.8572,0.3914,1,1,0.01445,0.014372
LTC,P1,0.229414,0.23326,0.232846,1.548,0.1218,-1.1331,0.2573,1,1,0.016486,0.014736
LTC,P2,0.435142,0.433871,0.435848,0.6011,0.5479,0.2117,0.8323,0,1,-0.002929,0.001622
LTC,P3,0.358209,0.371271,0.358878,-0.4158,0.6776,-0.1895,0.8497,1,1,0.035182,0.001863
MANA,P1,0.021415,0.021374,0.02151,0.2415,0.8092,0.6772,0.4984,0,1,-0.001932,0.00439
MANA,P2,0.321827,0.32959,0.327912,2.1018,0.0357,1.7003,0.0893,1,1,0.023553,0.018556
MANA,P3,0.153646,0.152492,0.155595,-1.9424,0.0522,-0.1924,0.8474,0,1,-0.007569,0.012523
MATIC,P1,0.052172,0.0535,0.055202,2.2703,0.0233,3.1142,0.0019,1,1,0.02483,0.054895
MATIC,P2,0.270674,0.273893,0.27913,2.2517,0.0245,0.3358,0.737,1,1,0.011752,0.030295
MATIC,P3,0.1451,0.144764,0.145157,-0.0391,0.9688,-0.6333,0.5266,0,1,-0.002319,0.000389
MKR,P1,0.071476,0.071861,0.072289,1.4845,0.1379,2.3853,0.0172,1,1,0.005361,0.011242
MKR,P2,0.345161,0.346505,0.350949,-0.6718,0.5018,1.0489,0.2944,1,1,0.003879,0.016493
MKR,P3,0.103445,0.102274,0.101707,0.2162,0.8289,-0.6473,0.5175,0,0,-0.011449,-0.017094
NEAR,P1,0.020889,0.021015,0.02108,0.3384,0.7351,0.5201,0.603,1,1,0.005961,0.009021
NEAR,P2,0.351561,0.350827,0.351247,0.2521,0.801,0.4018,0.6879,0,0,-0.002094,-0.000896
NEAR,P3,0.111854,0.108275,0.109854,-1.9543,0.0508,-0.1715,0.8638,0,0,-0.033059,-0.018203
NMR,P1,0.280392,0.265418,0.270333,-1.2794,0.2009,-1.0902,0.2758,0,0,-0.056419,-0.037213
NMR,P2,0.533001,0.538908,0.53309,0.3018,0.7629,-0.4904,0.6239,1,1,0.010962,0.000168
NMR,P3,0.128184,0.130711,0.132363,0.8898,0.3737,1.1093,0.2674,1,1,0.019331,0.031569
OP,P1,0.068212,0.068255,0.068508,0.3295,0.7418,-0.7986,0.4246,1,1,0.000623,0.004308
OP,P2,0.554312,0.572429,0.56733,1.8874,0.0593,2.2396,0.0252,1,1,0.031649,0.022945
OP,P3,0.136689,0.13776,0.137834,1.0737,0.2831,-0.5466,0.5847,1,1,0.007772,0.008306
OXT,P1,0.105392,0.105977,0.106293,0.6701,0.5029,0.1507,0.8802,1,1,0.00552,0.00848
OXT,P2,0.44806,0.445464,0.454073,2.0728,0.0383,2.8647,0.0042,0,1,-0.005827,0.013241
OXT,P3,0.256842,0.258214,0.261584,0.5819,0.5607,1.8893,0.059,1,1,0.005315,0.01813
SAND,P1,0.034868,0.034929,0.035398,-0.1422,0.8869,0.7116,0.4768,1,1,0.001756,0.014968
SAND,P2,0.412872,0.414098,0.41432,0.1137,0.9095,0.0646,0.9485,1,1,0.002962,0.003495
SAND,P3,0.189965,0.191705,0.194335,2.286,0.0224,1.6761,0.0939,1,1,0.009074,0.022488
SHIB,P1,0.072957,0.072617,0.073375,-0.1816,0.856,-0.534,0.5934,0,1,-0.004682,0.005701
SHIB,P2,0.454516,0.455069,0.453483,1.8057,0.0711,0.8608,0.3895,1,0,0.001216,-0.002278
SHIB,P3,0.04338,0.043512,0.043772,0.0537,0.9572,-1.009,0.3131,1,1,0.003026,0.008956
SNX,P1,0.047516,0.047421,0.049339,-0.481,0.6306,0.9767,0.3288,0,1,-0.001993,0.036955
SNX,P2,0.311997,0.305752,0.310755,-1.2832,0.1996,2.0059,0.045,0,0,-0.020424,-0.003995
SNX,P3,0.319551,0.315101,0.327219,-1.172,0.2414,5.3771,0.0,0,1,-0.01412,0.023434
SOL,P1,0.011054,0.011128,0.011349,1.3319,0.1831,-0.0782,0.9377,1,1,0.006713,0.026048
SOL,P2,0.131748,0.133102,0.135379,2.3213,0.0204,2.2002,0.0279,1,1,0.010176,0.026821
SOL,P3,0.112816,0.111207,0.113302,0.3293,0.742,1.596,0.1107,0,1,-0.014473,0.00429
SUSHI,P1,0.104094,0.105683,0.106661,2.0765,0.038,2.4367,0.0149,1,1,0.015034,0.024058
SUSHI,P2,0.232848,0.244828,0.240271,1.0116,0.3118,0.9389,0.3479,1,1,0.048933,0.030894
SUSHI,P3,0.22818,0.230447,0.233514,0.4764,0.6338,1.0005,0.3172,1,1,0.009837,0.022843
UNI,P1,0.085798,0.086901,0.086536,1.5472,0.122,1.2619,0.2072,1,1,0.012692,0.008533
UNI,P2,0.574412,0.580283,0.580378,0.6538,0.5133,1.0392,0.2989,1,1,0.010118,0.01028
UNI,P3,0.090787,0.092654,0.094151,2.5111,0.0121,1.8361,0.0665,1,1,0.020155,0.035734
VET,P2,0.534163,0.518898,0.527941,-1.5206,0.1285,-0.5919,0.554,0,0,-0.029418,-0.011784
VET,P3,0.303075,0.30425,0.306784,0.0787,0.9373,1.238,0.2159,1,1,0.003859,0.012089
XRP,P1,0.121542,0.122399,0.121505,0.8276,0.408,-1.4047,0.1603,1,0,0.006998,-0.000302
XRP,P2,0.352415,0.353829,0.354891,0.0139,0.9889,0.3781,0.7054,1,1,0.003996,0.006977
XRP,P3,0.168926,0.174037,0.173671,2.2212,0.0265,0.2746,0.7837,1,1,0.029364,0.02732
XTZ,P1,0.043085,0.04404,0.044048,1.3266,0.1848,0.374,0.7085,1,1,0.021664,0.021847
XTZ,P2,0.480432,0.479553,0.478031,-1.0703,0.2846,-1.7305,0.0837,0,0,-0.001831,-0.005021
XTZ,P3,0.214649,0.216364,0.220344,1.6093,0.1077,2.3671,0.018,1,1,0.007925,0.025845
YFI,P1,0.10919,0.11096,0.110621,-0.194,0.8462,-0.8977,0.3695,1,1,0.015952,0.012942
YFI,P2,0.36616,0.370056,0.378772,-1.744,0.0813,3.4438,0.0006,1,1,0.01053,0.033297
YFI,P3,0.191982,0.193479,0.192772,0.8466,0.3974,0.3351,0.7376,1,1,0.00774,0.004102
ZRX,P1,0.094464,0.100048,0.097014,1.4216,0.1553,0.7933,0.4277,1,1,0.055809,0.026285
ZRX,P2,0.300009,0.303724,0.31505,1.1865,0.2356,1.3102,0.1903,1,1,0.012232,0.047741
ZRX,P3,0.091345,0.090688,0.091313,-1.6364,0.1019,-0.8282,0.4077,0,0,-0.007246,-0.000348
